id,cat0,cat1,cat2,cat3,cat4,cat5,cat6,cat7,cat8,cat9,cat10,cat11,cat12,cat13,cat14,cat15,cat16,cat17,cat18,cont0,cont1,cont2,cont3,cont4,cont5,cont6,cont7,cont8,cont9,cont10,target
0,A,I,A,B,B,BI,A,S,Q,A,LO,A,A,A,A,B,D,D,B,0.6298580932886344,0.8553490496453626,0.7594386994154677,0.795549256871245,0.6819172514031219,0.6216718236057862,0.5921843772206821,0.7919207159113629,0.8152537462248601,0.965006328742958,0.6659151198639575,0
1,A,I,A,A,E,BI,K,W,AD,F,HJ,A,B,A,B,D,B,D,B,0.37072710368935663,0.32892942328506936,0.3863848396544993,0.5413662314603979,0.3889824529295912,0.3577782607273347,0.6000435979273233,0.4087010629559668,0.39935257249894734,0.9274058250023683,0.4937292188969079,0
2,A,K,A,A,E,BI,A,E,BM,L,DJ,A,B,A,A,B,D,D,B,0.5022716956789236,0.32274884251498537,0.3432547395332873,0.6163515586940255,0.7936867983255183,0.5528768777542055,0.35211338219817845,0.3888348567776837,0.41230312338993824,0.29269552318731995,0.5494523936681402,0
3,A,K,A,C,E,BI,A,Y,AD,F,KV,A,A,A,A,B,D,D,B,0.9342419625918952,0.7076629049417019,0.8311474036179455,0.8078069371023433,0.8000324403509642,0.6191471898696493,0.22178892366843675,0.8976170717085774,0.633669267047496,0.7603181927175735,0.9342422730322448,0
4,A,I,G,B,E,BI,C,G,Q,A,DP,A,A,A,B,B,B,D,B,0.2544273861735361,0.2745137182590417,0.3388179288828572,0.2773076638614053,0.6105781545188853,0.12829101986825742,0.578764269381999,0.2791671281711305,0.3511026549172377,0.3570835797113264,0.3289598322079217,1
7,A,I,C,A,E,BI,C,AV,Y,C,GE,A,A,A,A,B,D,D,B,0.4804559243715434,0.41303785132218096,0.5247598507510873,0.5800848367293447,0.30149826577889793,0.2610547566349504,0.19398779889317866,0.9356880595710392,0.6858683871027226,0.27769390567127633,0.4281151626805568,0
10,A,A,G,A,H,BI,A,S,AD,E,HQ,A,A,A,B,D,D,D,B,0.7990310993203409,0.7078401291911535,0.6784657469351736,0.7471245998466333,0.6782124536907388,0.5536086678225345,0.2817192603246147,0.7687815489305171,0.688579504134546,0.32069869087124314,0.6422556549701504,0
12,A,F,A,A,I,BI,C,AF,AG,A,HC,A,A,A,A,D,B,C,C,0.4926814530992951,0.9667189858236366,0.9435451903471752,0.20974413986014828,0.670577473327188,0.7726500882391583,0.8457507959683053,0.5073204963217814,0.9272039435390764,0.6057546745540119,0.4541548848269649,1
13,B,I,A,A,E,BI,C,AK,AE,E,EK,A,A,A,A,B,D,D,B,0.6455185955335179,0.6647182194397835,0.6351946723430469,0.6722641728300989,0.5611273899528272,0.4198726961971377,0.5085500501288863,0.6732672496281089,0.3561026022893177,0.4715188183487216,0.4995543575404735,0
14,A,L,A,B,E,BI,C,AF,AX,A,DP,B,A,B,B,D,B,D,C,0.4502483573971995,0.30289617544560765,0.3976216861531761,0.5060955243849461,0.20067291137998325,0.7341446427914918,0.5216732187921692,0.3655707584007645,0.4160939213422565,0.5847986672629827,0.44714852289065854,1
18,A,L,O,B,D,AB,C,AH,BM,A,DJ,B,A,A,B,D,B,B,D,0.4865588059955828,0.2802401207903437,0.20424416755430824,0.25124926361152394,0.2332214631448453,0.6203294392232671,0.49094202222961103,0.37736504792311454,0.302102883083236,0.35657193095278616,0.4024228046558925,1
19,A,I,C,A,F,AB,A,AH,H,A,GS,A,A,A,B,A,D,D,B,0.4667776423528235,0.4680272603893537,0.42460399605193255,0.28470329197235394,0.25779768313699025,0.2486514035462269,0.9336306230884062,0.35016995859833283,0.3924313901329899,0.2501458480099293,0.4160590598117249,0
20,A,I,A,A,E,BI,A,AV,AE,A,DJ,A,A,A,A,B,D,D,B,0.12167018462704055,0.2870188549492244,0.34257305656698345,0.3294846244834911,0.2882161674877909,0.7356374233886038,0.5100529183115187,0.34600800971854484,0.39540005690269897,0.26912937366053497,0.3288631558010565,0
22,A,N,D,C,F,AB,C,AN,BD,I,HG,A,B,A,A,B,D,D,B,0.3012919959867607,0.2172161930537249,0.18057351843717007,0.48967047990473406,0.30332046390409584,0.4222247582318181,0.7924116350409863,0.3179352374605092,0.3992283313499937,0.4114557760888597,0.26333516847210514,0
23,A,N,A,C,G,BI,I,AV,AO,A,BY,A,A,A,B,D,B,B,B,0.4797401727263765,0.9216699760778788,0.908959327195102,0.25535155974636664,0.28659943900504875,0.8033218876039393,0.8817755075007682,0.30865980998491793,0.6372392112691356,0.473728446580092,0.5221629016551457,1
25,B,F,A,A,G,BI,A,J,AE,C,HQ,A,A,A,B,D,B,B,B,0.6307596776211679,0.7837801793743724,0.7769056045224447,0.299539318983551,0.3863688444527473,0.7955520899617553,0.5867216699528514,0.7780246785098203,0.7596477840741365,0.3536666520469074,0.6640779733490452,1
36,B,J,C,A,F,BI,A,H,X,A,GS,A,A,A,B,B,D,D,B,0.4679159582785807,0.4272439347545097,0.4483392570026058,0.31640215945528005,0.8059841305806995,0.3567274730796347,0.4860329553407533,0.391164209433524,0.3457721868859009,0.2562985135017317,0.3990933602779715,0
37,A,I,A,A,E,BI,A,U,BM,A,DP,A,A,A,A,B,D,D,B,0.2587504475732337,0.3266643408903329,0.4040194011832032,0.6370510488480235,0.7901668117916152,0.6794528754173175,0.5713947337445254,0.3688916712936914,0.36073511605204,0.3865418911885813,0.3708926331352319,0
39,A,K,A,A,H,BI,C,E,AE,A,GS,A,A,A,A,B,D,D,B,0.3834884689102269,0.3115988123599913,0.3538729168656765,0.5768902281354577,0.7877451255436461,0.5583531338834746,0.9498182377372744,0.3825503631362,0.3454044990318794,0.28242294054838785,0.3177039474031161,1
40,B,I,A,B,G,BI,A,J,L,E,HQ,A,A,A,B,D,B,C,B,0.8155873557613708,0.7046087528379422,0.7797881198377563,0.651995868580584,0.6850235856649072,0.5557199331516741,0.5504572403138067,0.7239860894249148,0.6729559003760738,0.9496540107850586,0.6421288492622991,0
41,B,I,F,A,F,BI,A,AG,H,A,GS,A,A,A,A,B,D,D,B,0.3103784559411098,0.3328217770849501,0.4895580532677892,0.3536750895162431,0.3849973575990735,0.17842136186268254,0.9334382486615632,0.35669609899046184,0.4424147491473364,0.2674266693642735,0.4131648299151172,0
43,A,J,Q,A,G,BI,A,U,M,A,HX,B,A,A,B,D,B,D,B,0.4989022840882127,0.5355945413068115,0.5308667524511594,0.14097343686858105,0.3173554313967301,0.4202116290710553,0.19712979059274785,0.5885636126519016,0.7300625882274372,0.5366460371627223,0.4186897855658544,1
46,A,K,C,B,E,BU,A,W,Y,A,JK,B,A,A,B,B,D,D,B,0.471849213694547,0.33225867047987845,0.3995517097559581,0.31089443340904066,0.5720123114361683,0.3543631732350365,0.2462560571209772,0.3910921057786224,0.3801949011864252,0.5682816762431819,0.5405343737703492,0
47,A,I,A,C,F,AB,A,AS,BM,A,DJ,A,A,A,B,D,B,C,C,0.44807769151062027,0.2770218190660462,0.3402568745147229,0.36010071734067506,0.2309796907207405,0.737655701759817,0.5251631101175901,0.3640133130326267,0.3655772983977915,0.3124065292949858,0.3237552146337576,1
49,A,L,D,C,F,BI,A,AA,AX,A,FJ,B,A,A,B,B,D,D,B,0.6970186485250476,0.7797980655553169,0.8416271182133233,0.24674691020047165,0.6857411158493136,0.6785710057545972,0.4032525781765556,0.35881071230089795,0.4185343056204249,0.7259760599578492,0.3973263716945523,0
51,A,F,A,B,F,BI,A,E,AD,F,LM,A,A,A,B,D,B,D,B,0.9535145167343712,0.7786562798117012,0.7209207739618727,0.8467200709173559,0.6775183064103735,0.5550024442830884,0.2509998001795125,0.8993081562804838,0.6915348964571167,0.8112481479997308,0.9723339661292698,0
52,A,N,A,B,E,BI,A,E,AE,L,DJ,A,A,A,A,B,D,D,B,0.1910277718374772,0.3357744146277813,0.3611863103413705,0.590623061525951,0.7953492786306806,0.2517052050704105,0.3797079330904214,0.3360043488891234,0.3480917772282069,0.302619315930965,0.3234359449780752,0
55,B,J,C,A,F,BI,A,B,AX,A,HK,B,A,A,A,B,D,D,B,0.4022113044362037,0.6865800935820839,0.7109791884512859,0.6355909227932887,0.22757819340061794,0.7989645327960383,0.6622091055695354,0.6674910771348713,0.3968723607423765,0.5347847231336327,0.4572416183328567,0
56,A,I,A,C,M,BI,G,F,AT,A,MD,A,A,A,A,D,B,B,D,0.6557379865084351,0.9466789057876848,0.9749758153581058,0.17002862478793926,0.2329274068693464,0.730944567190634,0.5482136274845429,0.5020331641906597,0.9817209848832704,0.33112320394403405,0.3249901360937332,1
58,A,F,A,A,E,BI,A,E,BM,A,IG,A,A,A,A,B,D,D,B,0.7134950826917732,0.5970229350159495,0.6409514740237576,0.724871254452174,0.7800965986447769,0.07892290359622807,0.14016293227316054,0.8920197409075099,0.6005858451875219,0.455069057268197,0.9577059437391362,0
60,A,I,A,A,G,BI,A,J,H,A,JG,A,A,A,A,D,B,D,B,0.6763548361871413,0.6512630630765354,0.623242183636051,0.2931955487921827,0.3843192312015748,0.7757647297831831,0.6365503300252405,0.6005194845914628,0.7394135775968609,0.5606450421018502,0.44977854631551056,0
61,B,I,J,B,E,BI,A,E,BM,A,LM,B,A,A,A,B,D,D,B,0.4472000811012575,0.8131661110920567,0.8655052763289812,0.2271926610803001,0.7944025172488256,0.09391124007038222,0.26741677092679456,0.5597369638799777,0.646660864930326,0.7073800234817652,0.40135745217609176,0
67,A,L,L,B,F,AB,A,AI,BH,A,GS,A,A,A,A,B,D,D,B,0.3203541820509122,0.40635929960150496,0.4622467546678837,0.2968719095482171,0.5611982981425107,0.16491888454453876,0.5207174021040408,0.2291738275172369,0.6825384071329601,0.5288831830305777,0.3020087173834023,0
68,A,I,A,A,H,BI,A,AH,H,A,MD,A,A,A,B,D,B,C,C,0.5416888741024769,0.7987593686940301,0.7685555536592255,0.2641693986128124,0.2829728332255085,0.7355932964677163,0.8218229296316322,0.4359911262865444,0.9460245729000908,0.5242593026756265,0.5264280545269099,1
69,A,M,C,A,E,M,A,E,AX,A,DP,A,A,A,B,B,D,D,B,0.11271496976774578,0.1498887337944403,0.2590131864176673,0.27858650805874763,0.7980392446364224,0.2586066371125179,0.4213293350407333,0.20697058500223955,0.2237869180589921,0.2594857321516815,0.4326649901544472,0
72,A,K,A,A,F,BI,E,K,AE,J,AN,A,B,A,B,D,B,B,B,0.4694991257054957,0.4998783879306208,0.4479612057016923,0.6588827546727932,0.2262537675183019,0.6196005341394109,0.5479644733319098,0.6274562813723089,0.5471500721474478,0.2930362090762901,0.4354830464459351,1
73,A,K,A,C,F,BI,A,AN,BM,A,HK,A,A,A,A,B,D,D,B,0.3380634099278215,0.5481272027352638,0.7050129106617997,0.5430919680570238,0.6666351237349479,0.6804683576786057,0.7630307192087192,0.4052717502692129,0.4720768764731146,0.6637032875768988,0.36902737171599936,0
74,B,I,D,A,E,BI,A,AS,BM,A,AD,A,A,A,A,B,D,C,B,0.48668342588700303,0.21802573286488,0.2918823064611743,0.3475760277501461,0.7000262554160174,0.7368236803443751,0.5194270699230763,0.361592678470832,0.33989490775344683,0.3454793698622544,0.34948166229068217,0
75,A,K,G,B,E,BI,A,E,BH,A,MC,B,A,A,B,B,D,D,B,0.42065649752471,0.4428789631617371,0.4946200577662553,0.21443917448249208,0.5878328095771177,0.4199540639603849,0.4074208573131065,0.3456626525682981,0.35339768422361256,0.3482860635298147,0.37778419012084097,0
77,A,F,A,C,G,BI,C,E,H,A,MD,A,A,A,A,B,D,D,B,0.3640547488932287,0.6633805200394403,0.616943274516336,0.18349037695810075,0.8170471419418149,0.8143520632997918,0.6279309192533262,0.4317318226689165,0.6139568560558339,0.4332899196157968,0.5325414219337411,1
80,A,K,A,A,E,BI,A,AD,L,J,KW,A,B,A,B,B,B,D,B,0.9387303491829421,0.7492898607938014,0.7392511425743926,0.7785535173917243,0.678062313851667,0.13220902043223307,0.1709633928539184,0.8715283115462206,0.6077332828542364,0.9817843674138166,0.9371849490828372,0
82,A,I,A,A,E,BI,A,E,BM,A,DP,A,A,A,B,B,D,D,B,0.4336975150384185,0.3452061482304297,0.34871323175651964,0.5855270842376641,0.7889668768972544,0.7365467203909906,0.38309725304200426,0.3608011082027376,0.3639645964927151,0.3210162352923586,0.4019496997267792,0
84,A,I,D,D,D,BI,A,AA,BM,E,CK,A,B,A,A,B,D,D,B,0.2007555174182844,0.26798547180249244,0.2227121059753631,0.322789850092544,0.22483587385821088,0.7360400001132652,0.3444238327126934,0.2425835392452385,0.4076372562175562,0.7016563819901221,0.3844210054526557,0
87,B,I,C,A,E,BI,A,AN,BM,A,DJ,A,A,A,A,B,D,D,B,0.35762883403200946,0.24656168864169198,0.2590040011149932,0.5579736014077904,0.3292401906681361,0.7825855458689885,0.4421571410858303,0.3612704869338707,0.447839633637954,0.7532227314354087,0.3928083664777796,0
90,A,L,G,A,I,BI,C,AV,J,A,HK,A,A,A,A,B,D,D,B,0.4961561547298463,0.6987186886990122,0.6862783803844039,0.6815143194694955,0.3059695870841671,0.7790158610191263,0.7552763839840444,0.647521261399312,0.7167241415351127,0.7470674037436684,0.3824742119070427,0
92,A,L,C,A,E,BI,C,K,AT,A,JG,B,A,A,A,D,B,D,D,0.3323716902575852,0.4560879759598455,0.4258746967778088,0.29629847959219946,0.2111222726269296,0.8037253976261249,0.8569377969517847,0.4409184604139999,0.7145491686878163,0.4063979428810432,0.30564588551520994,1
95,B,F,D,A,G,BI,A,AS,AE,A,DJ,A,A,A,A,D,D,D,B,0.33767160878097563,0.6944439082552251,0.6551776478032891,0.570041417860273,0.6884186412992619,0.8029026150022162,0.5876304986148937,0.5825968507744874,0.3795008899418476,0.3162040288578876,0.3754403847132077,0
96,A,K,A,A,H,BI,C,E,BM,C,HK,A,A,A,B,B,D,D,B,0.6914088013047531,0.7705512926007484,0.7826345865587255,0.6403029085203626,0.7974910679133194,0.5552969589407436,0.5989371973150557,0.694861048747462,0.4643267778129693,0.8374697510902169,0.9390862089690312,0
98,A,F,D,A,K,BI,C,AS,AT,A,MD,A,A,A,B,B,D,D,B,0.6737539369706392,0.9433585391823852,0.9317470418727244,0.3706510674276451,0.7414975157555138,0.7370911961918121,0.5704632183611507,0.5671999125462793,0.8084049516539491,0.5898137741829397,0.5845808563962264,1
100,B,O,A,C,F,BI,A,D,AX,A,HK,A,A,A,A,B,D,D,B,0.5414868678844847,0.6193306996262848,0.6996385289825485,0.5948767995308132,0.2725011893454117,0.11713942221524827,0.7390361119659502,0.5482230772971322,0.39135838785756377,0.3213118317738463,0.33108152623107445,0
101,A,J,C,B,D,BU,A,N,L,A,HG,A,A,A,A,B,D,D,B,0.8925825825860242,0.2661464763310036,0.380667439973204,0.6718443241909732,0.6017828208057521,0.0800259657576951,0.4415272185004962,0.5214463886191474,0.4495024811854774,0.7506140767065397,0.9509134139068688,0
105,A,B,D,A,E,BI,A,AV,AE,A,HX,A,A,A,B,B,D,D,B,0.4854044753914871,0.4177242539152159,0.4463881019616299,0.3316377955166921,0.29927393990352485,0.10487244154380884,0.10709986560476534,0.35684046993690643,0.3874205026371315,0.26990207757634843,0.4269341855240185,0
106,A,L,A,A,F,BI,A,AH,AX,A,LF,A,A,A,B,D,B,D,B,0.3421727491501419,0.5386133712932444,0.7433798646283261,0.134534677207819,0.2484957657351419,0.7976085973626427,0.554323162236131,0.1827104379502476,0.7630316527541479,0.6748214771444558,0.18737884551712652,1
108,A,K,A,B,F,BI,I,E,AU,F,CS,A,B,A,A,B,D,B,B,0.3902432766887525,0.6333649259891044,0.5787339816498869,0.21617869508646315,0.8093010992315667,0.3026260597609729,0.5863886120124214,0.5525458417981958,0.7939517137138334,0.2515366737800616,0.32871780446342896,1
109,A,F,A,A,G,BI,A,K,AT,C,GS,A,B,A,A,B,D,D,B,0.5685808087084561,0.463543563067723,0.4498783093606569,0.315735468064385,0.4050096905304295,0.4902573561829265,0.9513616205386272,0.4212149677543424,0.7085226118685098,0.5878390451632133,0.4640387454108289,1
111,A,H,F,B,E,BI,A,U,AF,A,GK,B,A,A,A,B,D,D,B,0.3357459069407837,0.4617129205414854,0.4319830114916289,0.6804176949458243,0.2989524003641974,0.4206395100923445,0.5319682133848429,0.5199795176056552,0.3391157342478807,0.2381470906693722,0.3705013732448904,0
112,A,H,Q,A,D,AB,E,AH,X,A,DC,B,A,A,B,D,B,D,C,0.3376715212581926,0.4660052095842919,0.511712441343219,0.2402453345556744,0.22708878446980865,0.5537614165872521,0.4062450877177679,0.35629194878420456,0.3612696618416558,0.533997780692425,0.5191563762613661,1
113,A,I,A,B,F,BU,A,AN,S,A,LB,A,A,A,B,B,D,D,B,0.7180942631098899,0.3207006365971259,0.27979853950446765,0.7311297846542745,0.6158751788546588,0.09479379683325652,0.1536194668854271,0.695452576938027,0.4239653671121468,0.3861512200083013,0.943479549663109,0
115,A,K,G,B,D,BI,A,AS,Y,F,HC,A,A,A,B,B,D,D,B,0.6963239490538317,0.7563800715132843,0.6813631024708193,0.8585056990324702,0.47648079305047897,0.15616470025679655,0.7456986194380208,0.8665171015695844,0.41598514815097576,0.9673016262252834,0.9425834618158828,0
116,A,I,C,A,F,BI,C,H,H,A,GS,A,A,A,A,B,D,D,B,0.4610365141049806,0.4734064002995843,0.42356569186933296,0.2982032806170799,0.7985678264404591,0.2616149433900877,0.8043915049395332,0.3583637744924678,0.391930220677877,0.2941914632764655,0.4636308591664656,0
117,A,O,A,A,H,BI,A,I,AG,C,LM,A,A,A,B,D,B,C,B,0.5379585266264378,0.8152630146017548,0.7545067141393879,0.3032743009450892,0.6773367089559775,0.7778646005088021,0.8328014727389538,0.8198396813754067,0.6772559822097068,0.562006350627251,0.5422170295981341,1
118,A,K,C,B,E,BI,A,AN,AE,A,DJ,A,A,A,A,B,C,D,B,0.3203621938122935,0.6148452113908504,0.3395695504744355,0.5956301162987189,0.299376144373469,0.5546599860144977,0.4702937735373957,0.41846248110971546,0.6410479416553756,0.30812738886935304,0.4159182326875095,0
120,B,I,A,A,F,BI,E,AW,AX,A,FM,A,A,A,B,B,D,B,B,0.4662425906253906,0.6495335317513952,0.619052225826324,0.5411856323049907,0.6740224102769963,0.5559262520938313,0.5299413937741935,0.4897068091740242,0.4809248456850391,0.7579611849170609,0.9300740840894008,1
121,A,I,A,A,E,BI,C,AV,S,A,LM,A,A,A,A,A,D,D,B,0.8910013109473542,0.3689685963937409,0.7616572257109386,0.8905126251527943,0.29209471901495104,0.1277953260326468,0.157433038077573,0.9610846455585936,0.9090051869521176,0.42324201373177023,0.9036890278719332,0
122,A,I,A,B,F,T,A,AF,BO,A,IH,A,A,A,A,B,D,D,B,0.32040301016048944,0.2470989158050273,0.2952643389657609,0.2784355896116494,0.2304357768520781,0.6207937686736603,0.6598662147916944,0.1993201443451313,0.27874573664228003,0.5160577495082791,0.2819696168409657,0
123,B,I,A,C,F,BI,A,U,BM,C,LN,A,A,A,A,B,D,D,B,0.8804030333929643,0.7722982862209095,0.7893784340873877,0.8328910142005121,0.6691881912924835,0.555043594865861,0.5320516449592511,0.6678123632858135,0.4926350435199535,0.7034986522716712,0.938769148528735,0
124,A,I,A,B,H,BI,A,J,AF,A,MD,A,A,A,A,B,A,D,B,0.3367608742362536,0.8529670372211824,0.7930848468503614,0.29115888154731273,0.6857302875246234,0.7884940242394898,0.5809712735886967,0.5064480308920077,0.7310982092942849,0.9687734701302988,0.535991214520349,0
125,B,J,A,A,F,BI,A,J,AX,A,HK,A,A,A,A,B,A,D,B,0.6644283350114083,0.683733805218537,0.7188793112448463,0.5700345353828108,0.2445820175878565,0.7989675483875057,0.6799063975373697,0.6405494787969066,0.4184706779016816,0.6252914042612326,0.4627843001181116,1
126,A,J,A,A,E,AB,C,N,N,J,DP,A,B,A,B,B,D,D,B,0.4651640115028843,0.3520542599254629,0.3808238695140603,0.34744619045239145,0.6282563057786317,0.2756264254047165,0.4869672450691516,0.5404512979017053,0.4260178598077071,0.2455418727709673,0.3144342649782246,0
127,A,I,A,A,I,BI,C,AF,AN,A,HK,A,A,A,B,B,D,D,B,0.4408062658378569,0.41796989035588894,0.4738404649967887,0.3093801861924259,0.2107604982470195,0.7706675079005949,0.8539823598280795,0.3664370708781369,0.5232013209539524,0.7120341750195487,0.4638215163241449,1
128,A,I,A,B,E,BI,A,E,S,E,IK,A,A,A,B,D,D,D,B,0.6980338036024253,0.5051731412746503,0.6445946068899905,0.5691735768374042,0.7930854277403372,0.2321916693531473,0.15839783774327515,0.5777433584247745,0.5548130333312873,0.28619501074043263,0.6471735344849571,0
129,A,L,A,A,G,BI,A,G,Q,A,MD,A,A,A,A,B,D,D,B,0.5041869065134019,0.8001332836677265,0.868315804465774,0.5885574795827573,0.6632760699096479,0.7962502430546867,0.6266595872060058,0.5132521903937868,0.5837217476518329,0.2889952814712876,0.5230289159003039,1
134,B,A,A,B,E,BI,A,N,Y,A,LB,A,A,A,B,B,D,D,B,0.6372461111591623,0.5527084602914062,0.7202135492638114,0.6762171416101882,0.5578660023865877,0.6805785786079579,0.2707152591462445,0.5424712832114891,0.4754198423659322,0.7654775511296198,0.5248337113197415,0
135,B,I,C,A,E,BI,A,AS,J,A,DF,A,A,A,A,B,D,D,B,0.4874292027002949,0.25631043815815424,0.3128588439753611,0.3290207808847884,0.7157245756769499,0.6800846542127911,0.5436233115117199,0.3864148676532376,0.3928980372054435,0.303099248131791,0.5398013940933186,0
137,A,K,J,B,E,BI,A,AY,Y,A,KW,A,A,A,A,B,D,D,B,0.8843752460320453,0.5591213710837386,0.6353830096376735,0.8490577958864659,0.8007002120768704,0.4876582845392757,0.17737196753220558,0.9909599551742748,0.7848639671789744,0.4425985622911374,0.9555640582293656,0
138,A,I,A,A,E,BI,E,E,N,A,IB,A,A,A,A,D,B,D,B,0.6108193213144405,0.3085608980057761,0.30933511038473605,0.6124398846359177,0.8036719409593212,0.11784993029185915,0.4439346242545366,0.4934347591700669,0.4236815581894216,0.3545463819464825,0.4655485160998442,0
140,A,K,A,A,E,BI,C,K,BM,C,DJ,A,A,A,A,B,D,D,B,0.4872213453565156,0.3195168220676948,0.36058056342888,0.5752142216178515,0.8055675276808987,0.7360060139192703,0.5377692730696341,0.3967449956242707,0.4060107419062649,0.6000988899517915,0.4686301713949039,0
141,A,H,C,A,D,K,A,AF,BM,A,CB,B,A,B,B,D,B,C,C,0.4996000842903196,0.14338653050357889,0.2457408505878413,0.26976291538104874,0.7823645803004449,0.0763283108405201,0.22268939430978832,0.30075573444955306,0.3711601243787679,0.27139966075581085,0.4139152021344424,0
142,A,I,C,B,E,BI,A,AV,AE,A,DP,A,A,A,A,B,D,D,B,0.5206856250760628,0.2474990222100828,0.32266183603352383,0.34097070252199113,0.5820494919087936,0.14302947857994958,0.4933039491994822,0.3750001095125641,0.3565369181935161,0.3779194883404236,0.33430637037897554,0
144,A,L,G,A,H,BI,A,AS,AX,A,HK,A,A,A,B,B,D,D,B,0.9709748587366622,0.8082941390090417,0.8147279613439062,0.6539813370133726,0.7353677237199939,0.6785941407603185,0.3374781202883367,0.8507915721303363,0.7275302791834718,0.8316319504038814,0.9212183079488376,0
150,A,I,A,A,E,BI,A,AX,M,A,DJ,A,A,A,B,A,D,D,B,0.03218525594356589,0.3063197232609645,0.3290752586013225,0.6008588391231297,0.2815089436867389,0.619051916043345,0.5642237402870851,0.33306015437844355,0.3102584836631269,0.4470428466533405,0.3279349872364724,0
151,A,F,J,A,E,BU,C,F,L,A,LY,A,A,A,B,D,B,D,B,0.728168000510088,0.7956869094273161,0.8693761229741747,0.7938815813485253,0.2976669792174007,0.2326912834477912,0.13833631536368882,0.9381885967786088,0.4467424310889404,0.8070052038601814,0.8603535831963364,0
152,A,I,A,B,E,BI,A,Y,AD,E,LN,A,A,A,B,B,D,D,B,0.9379401482500916,0.7587248934306442,0.8218372526919023,0.8708712110501003,0.6863668630911081,0.09790520261148664,0.2117648030510355,0.8336668828741127,0.7568836729317819,0.7897531775812892,0.9359382386525632,0
154,A,H,Q,A,D,AB,M,AH,BC,A,JW,B,A,A,B,D,B,B,D,0.4789956938597889,0.5343309573115544,0.4998016588735472,0.2337064300082681,0.26172434429604186,0.4857641674829382,0.33390318053988377,0.4676222038276831,0.3789759613999353,0.33391707416428845,0.4814901109762828,0
155,A,H,D,B,D,BI,I,AH,Y,A,FI,A,A,A,B,D,B,D,C,0.6257435474074662,0.16223139216037458,0.23651972407743946,0.8687026619955014,0.2432650615140582,0.11150661795864134,0.16900496732882794,0.3738715607030417,0.3532679456380539,0.420498023705326,0.8170464186941488,1
156,B,K,A,B,E,BI,C,J,AS,J,CR,A,B,A,A,B,D,D,B,0.3384640243238957,0.3429633482391041,0.35767256039644185,0.5714687286474004,0.3850092206106546,0.14169926933913454,0.5893890081737092,0.43943635435004536,0.4251599580927927,0.5264167474671139,0.3764856651352251,0
158,B,I,D,A,E,BI,C,AS,BM,A,DJ,A,A,A,A,B,D,D,B,0.4692732437243177,0.2369005140266521,0.3019086018599759,0.5794750871945771,0.3284321439164424,0.7365913914087959,0.4267935114692126,0.3976334880721629,0.3734288702389724,0.293102523410974,0.4598600698577378,0
159,A,L,I,A,F,BI,C,L,BM,A,IE,B,A,A,B,A,B,D,B,0.4875588471856547,0.706238280926258,0.6961522086781247,0.32561116496181763,0.6814386632002001,0.5554847717691134,0.318879119476583,0.3880946305092892,0.3765798276510061,0.5227283473681608,0.4694082476845467,1
161,A,B,D,A,G,BI,C,AL,H,A,GS,A,A,A,B,D,B,D,C,0.658616898953698,0.7775413584982672,0.7810668837954573,0.17716413272910692,0.3890990822905242,0.1776214357158072,0.7374876830227933,0.4196673210403503,0.6872645168732034,0.4990898375639402,0.4101898272440064,0
162,A,I,A,A,F,BI,C,C,AD,C,LF,A,A,A,A,B,D,D,B,0.4089099616699533,0.8373533346932204,0.7296967143886596,0.7045872729098729,0.6820779552325096,0.5542919123633581,0.5525938976906677,0.8049462831777076,0.4698895526645959,0.7409626035235791,0.8840885011997406,0
163,A,F,A,A,G,BI,A,AK,AX,A,MD,A,A,A,A,B,D,D,B,0.5509406039912454,0.9178734045724212,0.9476216284820036,0.5773216849523044,0.7819168322393796,0.5550340525574113,0.5927959546653672,0.566808085582903,0.5491681968650161,0.5764578916554013,0.5267120474714787,1
164,A,B,D,A,G,BI,C,AS,K,A,DJ,B,A,A,B,D,B,C,C,0.4912320069746209,0.4722742909895895,0.4409151239842627,0.3397420225471541,0.7221278286951089,0.782059059451092,0.6620218989075881,0.415692046118136,0.6586093993019542,0.6876396416937018,0.3146065038337497,1
166,A,F,A,B,E,BI,A,AI,S,A,HX,A,A,A,A,D,B,D,B,0.4818686078332863,0.4871818781178624,0.39616157087120063,0.26058320722855466,0.36521609532922455,0.3562722970094026,0.22443820440709625,0.5541576713124714,0.3606288708973579,0.4941024119604866,0.3901117951371783,0
168,A,L,I,A,E,AB,C,E,AW,A,DJ,B,A,A,B,D,B,D,B,0.3357602115070941,0.21121625682364045,0.2658701059409328,0.2929392662358539,0.7980884194370946,0.4857242116114852,0.4746218585017348,0.2642590272150427,0.3103710721908997,0.39212120670904704,0.31274100374020075,0
169,B,I,A,A,F,BI,A,E,AD,A,LF,A,A,A,A,A,D,B,B,0.8927426693710174,0.7609607639822169,0.7233823137249527,0.6456608174887969,0.8045347078332364,0.6191557643370519,0.7675284077211101,0.8192876101415756,0.7833612832534436,0.8105620538502493,0.9024031650396837,0
171,B,I,A,B,E,BI,A,N,N,A,HJ,A,A,A,B,B,D,D,B,0.5137897083664289,0.3141902961814034,0.3540209037162653,0.5787491034109606,0.5922301866792822,0.14091640568210087,0.1349552935204988,0.5162879914959384,0.3258341119053701,0.3057467756838858,0.4952419251509531,0
172,A,F,A,C,G,BI,A,E,Q,A,MD,A,A,A,A,B,D,D,B,0.6392219867754083,0.6679290224042224,0.8412636301503751,0.7018815176777342,0.6749679577951683,0.5533152421025656,0.30969414648815746,0.8484345361812471,0.7363624475262619,0.7523216563460507,0.9532827726992884,0
173,A,L,L,A,F,BI,A,N,AX,A,HK,A,A,A,A,B,D,D,B,0.4629078271690717,0.7116614702393127,0.715424849211267,0.5941764996570179,0.2742825104232021,0.6802063271464314,0.7373251770351266,0.6454476636250778,0.5481647590369448,0.7243821877734257,0.3863595428179215,0
174,A,I,A,B,E,L,A,S,AE,A,LE,A,A,A,A,B,D,D,B,0.8253560193828138,0.6228652588533109,0.5574988702984592,0.6808450120964399,0.3368562393371164,0.487251369596753,0.5863883291606674,0.7322122742379245,0.4097747576978919,0.2614617992252497,0.6607995494263129,0
175,A,J,A,B,E,BU,I,W,S,A,HG,A,A,A,B,D,D,D,B,0.612821715586046,0.465775382806795,0.347325404919498,0.560064539996027,0.6039802978873342,0.3568599957689839,0.14307045901823914,0.5427606448299688,0.4024630859998667,0.2891292202837897,0.6785990218192031,0
177,B,O,D,A,F,BI,A,R,BM,A,HK,A,A,A,A,B,D,D,B,0.3679743967427094,0.252779765463038,0.7123576770416095,0.5793511997667965,0.6746022040045053,0.6810305695839157,0.6607485549179516,0.3750703149302601,0.3814663937042461,0.739133558706184,0.3068320486964262,0
178,A,H,A,A,G,BI,G,AS,AT,A,MD,A,A,A,A,D,B,D,B,0.5519762319810603,0.9183451310144864,0.9106538992176456,0.28682960113645345,0.7174430907366063,0.8024873209682821,0.5526477926932198,0.3897113733814174,0.6353512214546264,0.2674183052099362,0.5439638694565219,1
182,A,I,A,A,F,BI,A,P,H,C,HB,A,A,A,A,A,A,D,D,0.3150527660368695,0.4659189726874772,0.4574158077686872,0.2792368635463444,0.2288414685276486,0.5557671358352538,0.9467757495206692,0.43287460510645054,0.9002566092461328,0.3431777548778755,0.2994342286526169,1
183,B,K,A,B,E,BI,C,AA,AX,E,CR,A,B,A,A,B,D,D,B,0.31631367923640585,0.33248647289335337,0.3256989939045539,0.32537715256391553,0.35461080790934985,0.7369924887631439,0.5827171183159112,0.28032395690336165,0.3640823397742345,0.5770789749955175,0.31363567498518913,0
184,A,I,A,B,E,BI,A,F,AE,A,DJ,A,A,A,A,B,D,D,B,0.31542096052010543,0.2868305354321077,0.38568077746929946,0.25240810346202136,0.28317991095823936,0.17202284679849095,0.5679213544772119,0.26786050961663993,0.3510533384993449,0.25930343032307984,0.3824462093007325,0
186,A,I,A,C,H,BI,A,AV,AX,C,HK,A,A,A,A,B,D,D,B,0.2643407319308454,0.7449447845572027,0.777498825656709,0.7001818340129284,0.7138613040899089,0.5555158616366325,0.3408430617791643,0.8200849184007474,0.150963941155064,0.8227916629977383,0.9401566711222326,0
188,B,H,G,C,F,BI,A,AF,AX,A,HK,A,A,A,A,B,D,B,B,0.12262314744753493,0.6918422781878151,0.8041579445058379,0.05535054285045152,0.1869422255490928,0.7854882924239414,0.8806332723861128,0.3336704305807073,0.42846260213387377,0.6627042709441986,0.2587358492843518,0
189,A,F,A,A,E,AB,A,AI,I,E,HX,A,A,A,A,B,D,D,B,0.6721798226954174,0.4675753377630914,0.4584143442533075,0.6962895177969588,0.4686807900710114,0.5539125045855959,0.09546176261494596,0.8135551684702805,0.35860938235165085,0.3313530139000494,0.6907520066062374,0
190,A,H,A,B,F,BI,A,AH,X,A,DJ,A,B,A,B,D,B,B,D,0.5233107533040172,0.4616030648083907,0.46653997742302095,0.5882789347543678,0.2480775132586905,0.7677420488628778,0.516349533161469,0.469040438009207,0.44869325411398747,0.4812175573765388,0.4343568261014511,1
194,A,I,A,B,F,BU,C,C,AD,A,LY,A,A,A,B,B,B,D,B,0.7286700038757585,0.5722445737205474,0.6740989179261758,0.7066223422577457,0.6823739312655014,0.2601153859171879,0.2386779337079,0.6113572675352656,0.4412445129753476,0.5666830268289121,0.8034028798518111,1
195,A,M,A,D,D,BI,A,E,BM,C,CK,A,A,A,A,B,D,D,B,0.171746866109207,0.2428509330488688,0.21707166590409016,0.2234926084853872,0.8094033611059406,0.09311341565802128,0.34386559305160275,0.241632081757208,0.4331509508973487,0.3108378722057151,0.2606096622123276,0
196,A,B,G,A,I,BI,A,AF,J,A,HV,A,A,A,B,B,D,D,B,0.28695839571397896,0.9548914930046052,0.9379443844181408,0.16939773282022355,0.7304687301765058,0.7809193432797578,0.8587613694817373,0.5561342975375159,0.9923122545092398,0.5360075906827941,0.5829327840260546,1
205,A,M,D,A,G,BI,G,E,H,A,GS,A,A,A,A,D,B,C,C,0.39665919625147184,0.5855442457852028,0.9284441335361844,0.2056937883502708,0.8085269534595352,0.7849726792613113,0.8964589325105857,0.45371657531706394,0.9039743524595508,0.5092928906547894,0.3861265231034078,1
207,A,I,A,A,F,BI,A,AH,BJ,A,LF,A,A,A,B,D,D,D,B,0.9102291108789604,0.5610866202047677,0.5911469900499703,0.7546985227187645,0.2299548491789464,0.27988383228562963,0.5016659135492173,0.8368749042952532,0.6002919821339087,0.6950310616050501,0.4470429528292502,0
208,A,N,A,A,E,BI,C,AH,AX,J,LG,A,B,A,B,D,B,D,B,0.38933135616115067,0.3718048634095621,0.3899350058710245,0.07315970090145353,0.3711313619702585,0.259672680869872,0.5573634054990552,0.3885981835720208,0.3656492924753891,0.271134023053934,0.28017934209417483,1
212,A,F,A,A,G,BI,A,J,L,A,HQ,A,A,A,B,D,B,B,B,0.6225973602400834,0.7893613372107638,0.7774776830433774,0.7261308850318501,0.6796844832681602,0.7758226759817295,0.779584065390692,0.733436325065242,0.9330465712149748,0.947780307650077,0.6579300220777043,1
215,A,H,J,G,E,AB,E,AU,BM,A,DP,B,A,A,B,B,B,D,B,0.6060099078056128,0.4376849424866683,0.3953494156076841,0.6043757086028476,0.786676052930023,0.6204748720877228,0.12933281638679414,0.3687636975130505,0.7288615929106936,0.697857154985289,0.5225796829577399,0
217,B,F,A,A,F,BI,A,AN,S,A,LB,A,A,A,A,D,B,D,B,0.8447752245923311,0.7738286181528179,0.6169778820011953,0.7980312763567592,0.6804165253510566,0.6182313582619422,0.17981353020334234,0.8514681319046328,0.7760001928279847,0.4696985795463774,0.9247948142661914,0
218,A,I,A,A,E,BI,C,U,X,E,CR,A,B,A,A,C,D,D,B,0.314786511567374,0.27966135569334666,0.26728853070532904,0.6147440851045287,0.30016310790354195,0.7373616591153662,0.5181354649092185,0.3864831950179805,0.3778353816362082,0.6088812106392613,0.3951015133801169,0
219,A,L,A,A,E,BI,G,F,J,A,IG,A,A,A,A,B,D,D,B,0.6316593118813976,0.916452131689094,0.9206393486297856,0.8414712598507426,0.8004717148719016,0.5541236528713076,0.2305039749875141,0.9194679117338698,0.6626083824692731,0.3556493305913043,0.8539585228729315,0
220,B,G,A,A,F,BI,A,K,BM,A,BG,A,A,A,B,B,D,D,B,0.32404089334549513,0.21933799829350287,0.8518712445910583,0.4392933966945841,0.8231615551455425,0.7325356979961457,0.5736157295981649,0.3657101389218105,0.4263223000350044,0.7425446171294464,0.2937211452615741,0
224,A,L,C,A,E,AB,A,E,AX,A,DJ,B,A,A,B,B,D,D,B,0.236892606167511,0.2973334300523193,0.2861209769987231,0.5771663206031047,0.7888945976227603,0.7930363399759353,0.5271386535590571,0.34258322711833683,0.3445890097361273,0.2907683756478157,0.31931906128412124,1
225,A,G,M,A,H,BI,C,AL,F,A,KP,B,A,A,B,D,B,C,C,0.2988472742093117,0.6768886859408509,0.6675186473091942,0.3485273908052857,0.31763235772681325,0.8190612240414634,0.774988514016664,0.3840736025713744,0.7095154870795894,0.5300203581239848,0.4592130626935515,1
227,B,I,A,C,H,BI,A,O,A,A,HK,A,A,A,A,B,D,B,B,0.3500210783803922,0.6390318311831881,0.711981616058705,0.07215604860372082,0.7081155619396566,0.6216768355278922,0.70240255583434,0.7251705890633726,0.5593831316200193,0.8194443910552155,0.4626290043499381,1
230,A,H,G,C,F,BI,A,E,AE,A,GS,A,A,A,A,B,D,D,B,0.367987672670469,0.6038784162327663,0.650403122345879,0.5685886030881159,0.7676816769280697,0.4224578461498582,0.6075155166540839,0.350705378107113,0.32454622542603234,0.2859367462399742,0.3896598280569279,0
231,A,I,A,B,E,BI,C,AH,Y,A,DJ,A,A,A,B,D,B,D,B,0.7121729717459441,0.31384502011232723,0.3368852270994221,0.6071743142191762,0.21805551105760984,0.2531313564704522,0.1510730430198346,0.5286597877336402,0.4591410252307101,0.28551688937455205,0.7975065512291266,0
232,A,K,A,A,F,BI,A,U,AD,C,IG,A,A,A,B,B,D,D,B,0.918161814556578,0.7155912858828597,0.7984264995445943,0.8574429983946469,0.2790677396905972,0.7349416994284641,0.21249559611543511,0.7950584884648622,0.7829800055755508,0.7066367050748409,0.9432408295501156,0
234,A,G,L,N,F,BI,E,U,M,A,HK,B,A,A,B,D,B,C,C,0.3850145786665096,0.4708988350619793,0.6673779095585924,0.03932723642795352,0.28584297437736056,0.7853175519779334,0.534581972402237,0.3157574935905387,0.4857844180760336,0.4952814156175943,0.3921038187310024,1
235,A,I,D,A,E,BI,C,AV,X,A,CR,B,A,A,B,B,D,D,B,0.20281736581781765,0.3703173314188586,0.35166289464851386,0.09981533377451254,0.230826640160172,0.7321774851855848,0.5366985651738648,0.3895868614749067,0.4139941059474521,0.6269058589761457,0.3420279113402957,0
237,B,I,A,A,D,BI,C,AI,BM,J,CR,A,B,A,A,B,D,D,B,0.3469331329859795,0.31493508374223955,0.23790084367954684,0.3347967730935393,0.6174023478313985,0.6830350204758634,0.5587090210373157,0.2074229351859037,0.4070405179802564,0.6206974489397775,0.6485801950119663,0
238,A,I,A,B,D,BI,A,AH,I,F,LI,A,A,A,B,B,D,D,B,0.5449079651206551,0.4543022324318802,0.4477150930818489,0.3415331812095581,0.23510141776584395,0.09684822884203152,0.1440122305628479,0.3615348056325725,0.3746187026276204,0.4691652740317402,0.4589809616680813,0
240,A,F,A,B,G,BI,A,S,L,A,HQ,A,A,A,B,D,D,D,B,0.8935774213137763,0.776619821073793,0.7464549035238615,0.8232595999118175,0.3658226461721422,0.6191005560464645,0.2784189221248758,0.8656051026620563,0.7616341934119246,0.8084378292446434,0.9501508567318844,1
241,B,I,A,A,E,BI,C,E,BM,A,CR,A,A,A,A,B,D,D,B,0.31813778285995864,0.2504085297113505,0.3594706104606563,0.6209717043282753,0.8157922572681624,0.4878807876339201,0.5620058722640368,0.20874008208705125,0.2859786859685923,0.379741683499284,0.37649222054690223,0
243,B,I,A,A,E,BI,E,J,AS,E,CR,A,B,A,A,B,D,D,B,0.3335952361457875,0.3609200357640295,0.3549627579965525,0.5931178349336937,0.37177338674374394,0.7399679865428644,0.6146949868708218,0.26465198205841645,0.2552134371235069,0.252028042930436,0.3070435466345885,0
245,A,F,G,B,F,BI,A,AN,AJ,A,HV,A,A,A,A,D,D,D,B,0.4797772121747953,0.4410893464869395,0.45435369322062896,0.6973989080802514,0.1987647011002806,0.554760639835034,0.2673333075163345,0.5979136881777517,0.5519452815128268,0.3109756907454865,0.4063111524123109,1
246,A,L,G,A,E,BI,A,AS,Y,A,KW,A,A,A,A,B,D,D,B,0.735561380575374,0.7663488123986955,0.9192751776582218,0.7761352383293338,0.8014440268154336,0.6179233781237207,0.6979603866175408,0.6669841070029029,0.7286027997795245,0.7081807872177255,0.587443203619469,0
248,A,M,C,A,E,BI,C,K,AK,A,CK,A,B,A,A,B,D,D,C,0.30018949017385,0.3381815822643839,0.3330213974047147,0.5842005610851881,0.3445023893491898,0.7678304280408409,0.5632997357625636,0.3163853797368906,0.30405893685680313,0.25872252225224324,0.3308084611011237,1
249,B,I,A,A,E,BI,C,S,BM,E,AD,A,B,A,A,B,D,D,B,0.2882048460194738,0.2752372098905832,0.23303539456305994,0.591585652077472,0.6711554667655568,0.4879815567000517,0.5698789512635068,0.3663006115689144,0.3615238532829013,0.3285689912660848,0.31325624217042336,0
252,A,N,A,B,G,BI,I,AV,AF,A,HL,A,A,A,B,B,B,D,B,0.4597281832196843,0.4607307824222231,0.9454980050380898,0.14950482663494347,0.2880928282229046,0.28120689235611745,0.5287610223168809,0.31193376266214706,0.33183854081557274,0.2414827238864369,0.3774099771379666,0
254,A,I,A,A,J,BI,E,AH,AJ,A,HV,A,A,A,A,B,C,C,B,0.4273612825465036,0.4793433252216577,0.4557234593218975,0.05835767076661316,0.2345890063264811,0.28206882470265626,0.2812701655022585,0.3857477707667606,0.6364921465610263,0.294344555326987,0.4054622982037373,0
255,A,L,C,A,E,BI,C,AX,AX,A,DP,A,A,A,B,A,D,D,B,0.4421086124026151,0.3173487555595847,0.3059238821287545,0.5918970579731186,0.2148947784687225,0.2762535703812036,0.5416645789890453,0.34233570683465064,0.3865886956926097,0.2760749905990157,0.4417156679537188,1
256,A,H,C,A,D,AB,C,AR,X,A,DC,B,A,A,B,D,B,D,B,0.4939320216077331,0.17125983071870932,0.19681886246660107,0.25888772951594763,0.7160834466060442,0.1421801002673906,0.3982786038097129,0.3732296601569369,0.3495618959070257,0.465482569280318,0.3974157475943143,0
257,B,I,A,D,E,BI,A,U,L,E,LN,A,A,A,A,B,D,D,B,0.9364505838891848,0.7714216452252203,0.7946288111071849,0.8871632680768138,0.2883185823205348,0.5554911173194778,0.217048300749064,0.9240322993714684,0.6066072790958817,0.7989801606846136,0.9470269788276444,0
264,A,O,F,A,F,BI,A,AW,BM,A,GS,A,A,A,A,B,D,D,B,0.3088933929606821,0.7005351301661643,0.6810721306601664,0.5812146680830431,0.21569377397395811,0.8141422458791369,0.5884192018687234,0.4049848298012123,0.38490649123964304,0.7370645732102367,0.3804021606201409,0
265,A,I,A,A,G,BI,C,F,AT,A,BF,A,A,A,A,B,D,D,B,0.4996042536342269,0.7310814520403348,0.9343528184321358,0.3575674110473055,0.23473656216365185,0.35870854425199444,0.4991782696491429,0.5685236367368894,0.9030949901453984,0.3277539586857147,0.5488977935690478,0
266,A,G,C,A,E,BI,A,AN,BM,E,DJ,A,A,A,B,B,D,D,B,0.4022683481191654,0.3385089329971662,0.3942475319418183,0.5969292908828684,0.8137220707674073,0.3563535232360936,0.3734691844231111,0.3447243491172484,0.3742410423001896,0.32137335982711074,0.39570603195573095,0
270,A,K,A,B,E,BI,A,E,Y,C,KW,A,B,A,A,B,D,D,B,0.8925925564530302,0.5440934025591394,0.9327842809505736,0.8402096140500692,0.7992975813031173,0.7339249482601321,0.16296171274904964,0.9435453063899956,0.5978258946187278,0.8094674976849511,0.9190454837056634,0
272,A,N,J,A,E,BU,C,AH,N,A,LU,B,A,A,B,B,B,D,B,0.6562457629154909,0.3492317823176068,0.3797828862498616,0.6596117581592322,0.6119004633263468,0.0973549455512949,0.12652874332604402,0.7008281538090765,0.4345028221868649,0.641497376227725,0.6818286147701483,1
273,B,O,A,A,E,BI,C,U,AS,A,CR,A,B,A,A,B,D,D,B,0.3302283644925473,0.3803529237346789,0.3690591038572639,0.6420350189256541,0.34928980863034065,0.4876739271927808,0.5665401027747651,0.5452847555077863,0.4194463816892423,0.31688027363607,0.3357320217658836,0
274,B,I,C,B,E,BI,A,E,BM,A,O,A,A,A,A,B,D,D,B,0.3427364529100317,0.26917978501404605,0.471891857132336,0.2144424041902603,0.7848942044494028,0.4859277868079893,0.3508061366542775,0.4176406636799925,0.38351034004942347,0.6848757405624545,0.39969936300435815,0
275,A,I,A,A,F,BI,A,AH,AX,A,LF,A,A,A,A,B,D,D,B,0.3810191025740277,0.5573604321569855,0.5901905700471908,0.7831791324459323,0.22374713383382205,0.7339029364520552,0.4216920724032888,0.3097614057117807,0.6217687572703382,0.3821241062118006,0.3773461849197499,0
277,A,F,D,A,G,BI,A,J,Q,A,HK,A,A,A,A,B,D,B,B,0.5226804252032711,0.6239646666144327,0.6081335650202965,0.33393494133269525,0.3539370917605785,0.48759794425194003,0.6388904780364446,0.4586730413025357,0.5097987671949643,0.3165072174768726,0.5321387399280185,0
278,B,J,A,A,F,BI,A,J,AX,A,HX,A,A,A,A,A,A,D,B,0.3858387400214139,0.29200289780907684,0.3848570427015701,0.6508375497575868,0.40486068856903096,0.7953170841477271,0.507520321430329,0.4964482974829162,0.3899591786609784,0.3098176073662517,0.3327407460286824,0
279,A,J,A,A,H,BI,A,AN,AE,A,HQ,A,A,A,B,D,D,C,B,0.6455217615758025,0.7104637825235359,0.759577147705279,0.6871446369003676,0.3042593641883877,0.6212181984187854,0.7317206067636253,0.7500681965246494,0.7475718081181633,0.6077689611229189,0.6604951377364559,1
280,A,I,A,A,E,BI,A,AN,BM,E,CS,A,A,A,A,B,D,D,B,0.9246178513356748,0.5942761455990716,0.8467604675767043,0.7170221032565113,0.8007077515214731,0.1017524730695238,0.21470985786343985,0.8174170388173766,0.4565945650394565,0.5143242573828168,0.8126800554322304,0
281,B,I,C,A,E,BI,A,E,AK,A,DP,A,A,A,B,B,D,D,B,0.4778655212218145,0.2892121020502681,0.21606329136260075,0.2887899354113109,0.803717080170967,0.2916273616451681,0.5446043063353252,0.3539938757223358,0.33877418837376194,0.2602941837204754,0.3174011756241619,0
282,B,I,A,A,E,BI,C,N,X,L,CR,A,A,A,A,B,D,D,B,0.4159522327984527,0.2895585627243373,0.2262083047943517,0.3592357593479472,0.5878302462024071,0.7363011805344168,0.5433011072857925,0.4542841919871572,0.4292251148196893,0.647832384093799,0.4050261755132916,0
284,B,A,A,B,E,BI,A,N,S,A,HJ,A,A,A,B,B,D,D,B,0.8701443138558155,0.5507053349538183,0.6580681439195786,0.6582965256806645,0.6084252319353666,0.7355153768972912,0.25338049042361765,0.8916496813226548,0.4699478149463372,0.7471071108341498,0.9242336299477178,0
285,A,L,O,A,F,BI,C,E,AF,A,GI,B,A,A,A,B,B,D,D,0.22048993556067054,0.4222130669927813,0.4961439059089957,0.32638026810868537,0.8076711344553872,0.5537408597829626,0.36977329362565503,0.3171964515341732,0.42835158857547534,0.3243551350701593,0.3415159954020337,1
287,A,F,A,B,H,BI,A,AI,AE,E,DQ,A,B,A,A,B,D,D,B,0.5452538918283204,0.4222118127882606,0.7907138706505212,0.2253737973221561,0.3783887244337691,0.3009674073485957,0.2674194544459593,0.3678731093433907,0.6650101309794257,0.2501858747617991,0.5178099307364102,0
288,A,F,C,B,E,BI,I,E,L,A,IR,A,A,A,A,D,B,B,B,0.6255891400134401,0.447144944644629,0.6253557323782989,0.5623314195293176,0.8085033493101478,0.3557069100870761,0.2508609934874821,0.5387816179353603,0.6868326154676303,0.3239088508333293,0.5910699518828334,1
289,A,I,C,A,F,BI,C,U,AE,A,GS,A,A,A,A,B,D,D,B,0.4755066889389762,0.4751846958426552,0.4202932872528201,0.3829033545535211,0.2225335572214068,0.13628100974237875,0.4771286626531902,0.3525420141677745,0.3588676660007721,0.3395368369316321,0.4668692600067573,0
290,A,N,A,C,E,AB,A,AH,K,A,DJ,A,A,A,B,B,B,B,B,0.5295829827631087,0.3297718427956977,0.2260875432958985,0.6333640583527316,0.25331062148474137,0.6803662032745526,0.4917482121349505,0.3675563220869622,0.3801884150731039,0.29651698356455664,0.3213143567005741,0
296,A,F,A,B,F,BI,A,E,Y,A,IG,A,A,A,A,B,D,D,B,0.9392206661507608,0.5647865636778012,0.5606195608886342,0.8564540172149949,0.7979829766369048,0.55585981285749,0.16924468923890726,0.7981838739892863,0.7548879567567274,0.4538532558307556,0.8103696109683696,0
297,A,K,A,A,E,BI,C,AO,H,J,DV,A,B,A,B,D,B,D,B,0.6239159427181526,0.5215318094634804,0.5305504060696907,0.6429796571536106,0.8171194046886885,0.6207070381064508,0.5905268717142548,0.5488643565103748,0.5185535407927993,0.3189459495452172,0.422477635256684,1
299,A,K,A,A,F,BI,A,S,AE,E,HK,A,A,A,B,B,D,D,B,0.6307420248108737,0.7162782150317462,0.6734978743342511,0.6968029991314585,0.6703901619229417,0.6221146174163317,0.6186707395812087,0.7278706808724336,0.7956050755160208,0.3807028022721589,0.635455798547959,0
301,B,I,H,A,E,CG,E,J,BL,A,HA,A,A,A,A,A,D,D,B,0.190215346181278,0.19523241397537866,0.29437950772714555,0.2875125404418133,0.5827300856604121,0.14095687480482674,0.6463125644544627,0.2363983572544092,0.2721024626606749,0.2633684170486437,0.313840052345977,0
303,A,I,A,A,E,BI,C,AH,AK,C,DJ,A,A,A,A,D,D,D,B,0.4945042166801013,0.34339162727596423,0.3599956962159249,0.5882967983110414,0.8077594460918224,0.7362107485579049,0.4924644072809246,0.4614853876693708,0.3732257623180281,0.3601559633784219,0.4104454220512754,0
306,A,J,A,A,G,BI,A,AI,AT,E,KB,A,B,A,A,B,D,D,B,0.4446351354910436,0.5709094525530162,0.44322350928632,0.2947700240139521,0.23122347679893995,0.4884215021137878,0.5616093436888003,0.525509847022178,0.7035511914545632,0.6097819801234188,0.5307321337182987,0
308,A,H,A,D,H,BI,A,AF,A,A,HK,A,A,A,B,D,B,C,D,0.5314355259872925,0.8061657763847532,0.7991723694401562,0.2491013340383067,0.6754599377666349,0.6798258557448353,0.7637500247354247,0.4232432764828343,0.9091155550024428,0.4050626954102473,0.5266729352381034,1
310,A,A,A,A,E,BI,E,N,N,E,DJ,A,A,A,B,B,D,D,B,0.5144886951647714,0.4010483743329879,0.475360276361274,0.7458149437333818,0.5651253881990962,0.7349251305645096,0.2250172724519557,0.7083429051166756,0.4204958347706485,0.298816186806726,0.5111215195371479,0
311,A,H,Q,A,D,AB,C,AH,BM,A,DC,B,A,A,B,D,B,D,D,0.4824205973199313,0.22550173818376235,0.2553596023566181,0.2508327224037434,0.24766527936958035,0.7880879931025926,0.3332826116011656,0.24504901224076586,0.3144095442988077,0.5887173619028225,0.4618063691175033,1
312,A,H,I,H,E,BI,A,AS,Y,A,HC,A,A,A,B,D,B,D,B,0.9280702576033664,0.6088693967638675,0.464026112494281,0.7118789183966416,0.7246891363944714,0.0853122883462786,0.2264448300820621,0.7062201341273238,0.5597604213202737,0.4541093797659197,0.563950958623787,1
313,A,I,A,A,F,BI,A,AN,AX,A,DP,A,A,A,A,A,D,D,B,0.1550143511363793,0.3237242417929295,0.25642645262491004,0.3499044882237236,0.28975743757507,0.5552654510476492,0.5485460908590409,0.3406518021877658,0.35054863075963194,0.33813675480344496,0.4385127093232645,0
318,A,H,D,B,E,BI,A,AS,S,A,LB,A,A,A,B,B,D,D,B,0.8263379430839548,0.4874465527807997,0.9134825971934556,0.67313872239984,0.7510316741206663,0.4202362263269338,0.212047019481275,0.7339352975694873,0.5538555353451697,0.2720946710519432,0.950569319621851,0
321,A,L,G,B,G,BI,A,AS,AD,A,HQ,A,A,A,B,D,D,D,B,0.8854024568895563,0.7536721118476717,0.8134230450928751,0.7838739629524857,0.7302329473217065,0.7886011585692546,0.5795264971343983,0.8447704405935241,0.7136933259764583,0.8104599911087652,0.9534011478978032,0
323,A,B,A,B,J,BI,E,J,AF,C,MD,A,A,A,A,D,D,D,B,0.5485474810959821,0.9776580751165171,0.9025933089924921,0.17562114913858512,0.4725274198942639,0.7814774082521794,0.8555000632981542,0.5208133245450407,0.9014759467667648,0.3627500934303277,0.5267597906968908,0
324,B,K,A,D,E,BI,A,F,AU,J,IG,A,A,A,A,B,D,D,B,0.8859098140552315,0.7681961061673551,0.8213051885248305,0.8546627198739225,0.3302863968297927,0.5566302449313669,0.2974881944709329,0.8371018881971775,0.6352004793759876,0.8249235953165949,0.9461722257289976,0
325,A,K,A,B,D,BI,A,AV,BM,F,CK,A,B,A,A,B,D,D,B,0.6813644806249006,0.2196499709377816,0.21639677226238585,0.8346937091937127,0.2968679844536493,0.7341105066537142,0.5065956386088448,0.3761200011126748,0.35888397882797995,0.510157739377326,0.9063971032062038,0
326,A,I,A,A,H,BI,A,R,BM,A,HK,A,A,A,A,B,D,D,B,0.4403256360319183,0.7197633430072545,0.6934903440142749,0.3035532192719493,0.6717048359715533,0.6829870537145589,0.7766509963457656,0.3612275040562471,0.4391958462416658,0.7182875134493768,0.37545222546182055,0
327,A,L,A,A,H,BI,A,AK,I,A,FP,A,A,A,B,D,B,D,B,0.34055940333827817,0.4707751337476461,0.46163957015900203,0.36446944554442207,0.35176621509889616,0.7887588984367281,0.702791583128635,0.3753470066277328,0.6739956709281051,0.3524306131230955,0.4571727155079777,0
328,A,F,A,B,D,AB,A,AA,BM,A,CK,A,B,A,A,B,D,C,B,0.21323812217982407,0.2196695599906607,0.2318355084263766,0.3826251194355881,0.300847567344824,0.7343298110577853,0.3293866330167156,0.25355852959502395,0.3347294009294607,0.6740456738107801,0.2925360813301406,0
329,A,G,Q,C,F,BI,A,AH,BM,A,AT,A,A,A,B,D,B,D,C,0.2362100358859297,0.612611423376862,0.5572928583716271,0.8051701533539547,0.3018584491126713,0.35528652723951665,0.6852691907105563,0.3066392432677724,0.44855380902370656,0.5649263477452251,0.4054716858152155,1
330,A,I,A,B,E,BG,I,J,AL,A,IF,A,A,A,B,A,C,D,B,0.0900521044882844,0.26875881496173754,0.2912201938721579,0.3141645030103824,0.3845156278616701,0.6805292034057282,0.6596769680829897,0.2084313979885083,0.2571877236640227,0.374578746205567,0.2857308444541857,0
336,A,J,J,A,E,BI,A,E,AX,A,DP,A,A,A,A,B,D,D,B,0.3716644290649397,0.30900001408533634,0.3161991066198382,0.5721854101776169,0.8000826512624754,0.3573356816420798,0.5346582356926226,0.3529529555338269,0.38606682467636094,0.4484214851890948,0.3812167066381128,0
337,B,F,C,A,E,BI,A,N,AF,A,DF,A,A,A,B,B,D,D,B,0.2011565494891793,0.4295226857914623,0.3794283303295847,0.2342899043846784,0.6163936065849012,0.1904229468819579,0.19459322062962794,0.5281186516679355,0.4031248331967716,0.36122842960361,0.3283118958403318,0
338,A,H,I,B,E,BI,A,AE,Y,A,HN,B,A,A,B,B,D,D,B,0.5253682634668805,0.2286518655461601,0.5064282947253484,0.62313813907573,0.5496853853870078,0.16462211089467846,0.29309983298156395,0.5377780820970605,0.2884781113122351,0.256652009053934,0.9371895891419076,0
341,A,I,C,A,E,BI,C,AF,AF,A,DP,A,A,A,A,B,D,D,B,0.32307937819270466,0.3315987493430487,0.3728869196722025,0.2649351544200684,0.21745049548261525,0.7356707595223693,0.4449494755941981,0.3177587641933209,0.34785356314473315,0.3977068314431816,0.3937469354258754,0
343,A,N,A,D,F,BI,A,AF,AX,A,DP,A,A,A,B,D,B,D,B,0.4998865104417504,0.32164627510701965,0.3413113149687945,0.3300179720117333,0.2396133715377166,0.7348981690924143,0.7679388932596757,0.3478843539062884,0.3885961210615226,0.4822345667423629,0.4302124283467539,1
346,A,F,Q,A,G,BI,A,AS,AG,A,HK,B,A,B,B,D,B,D,D,0.5215585296564796,0.7105742147943447,0.6886020977662051,0.6397324269323679,0.4758323911918793,0.7967420551954929,0.750176449762011,0.4232265959247321,0.6706634197109985,0.9344660371846192,0.5251944945392704,1
347,A,B,D,A,F,AB,C,U,K,A,GC,A,A,A,B,B,D,D,B,0.6798254766918166,0.4683542039073021,0.4672270610893578,0.6559754896276649,0.2235377503334476,0.4876068508091311,0.2009461449567896,0.3645365090429528,0.3894549762260979,0.562363367751151,0.2661716787403331,0
350,A,K,A,A,E,BI,A,AF,BM,C,DJ,A,B,A,A,D,D,D,B,0.30783109550764604,0.33573549005276176,0.3756857318751601,0.5946722972960025,0.3851998888297487,0.679187699007359,0.4669346465279301,0.3907059057951434,0.3827066841754848,0.35354650218668104,0.3216893571137837,0
353,A,I,A,D,E,BI,A,E,L,E,LM,A,A,A,B,B,D,D,B,0.9354810901557362,0.7613744660088112,0.8256871532567702,0.8663212714209286,0.7739915600214612,0.5543411555271591,0.14891698279314827,0.9464302148470768,0.5276261585287999,0.8045222625246402,0.9565703495445992,0
355,B,I,A,A,F,BI,A,AN,AT,E,GS,A,B,A,A,B,D,D,B,0.4156305906121851,0.5917963934149896,0.7623634967656225,0.2645360743374912,0.6672633052512851,0.4230554105725984,0.612709685043839,0.5066167814262013,0.5747501547498516,0.26858397664198264,0.3920765063992407,0
356,A,I,A,D,E,BI,C,AN,AD,A,LM,A,A,A,A,B,D,D,B,0.26632502844273204,0.2391061482500731,0.3633153714272828,0.273506275044613,0.2972915634688588,0.2855179244831569,0.4304607975688593,0.2151878522351935,0.29713749503701337,0.4967649735262958,0.2962966856498128,0
359,A,F,A,A,F,BI,A,K,H,C,HB,A,A,A,A,B,D,D,B,0.7226355598710935,0.7575421587487582,0.7778870891670056,0.8440262625229007,0.6773718542183013,0.5545719441021117,0.5942238567035408,0.7711517179174145,0.9794986530916244,0.82363693554351,0.5884291203407532,0
361,A,I,A,A,E,AB,A,U,AE,A,GS,A,A,A,B,B,D,D,B,0.4955602232941596,0.21700502828743573,0.4329425234276546,0.3270220772926493,0.3061224045474312,0.359064739181682,0.6718200073416031,0.3390196312262981,0.34326719562300434,0.2749932191611486,0.40423259594544586,0
363,A,K,A,A,D,BI,A,J,Y,F,LY,A,B,A,B,B,D,D,B,0.733261249909427,0.785186746848976,0.7851608194769513,0.5846476940265962,0.4894022402108992,0.11778521883468684,0.13062970346077662,0.5526647828275735,0.6165113587023365,0.4623574715732044,0.5141805895673756,0
364,B,I,C,B,T,BI,C,AK,I,A,HX,A,A,A,A,D,D,D,B,0.5776363145287525,0.4505604153168389,0.4581006628098116,0.5920173653225651,0.4796082032912169,0.1363254427064453,0.25082899239536177,0.5324835128009587,0.4186668438535859,0.9409289871075311,0.5277412695840219,0
368,A,A,C,A,F,AB,C,AH,AY,A,DJ,A,A,A,A,B,D,D,B,0.2636892391156153,0.4231261871970637,0.4775854018386544,0.27523315217080163,0.3036615923680733,0.3565538163073246,0.7402888065033721,0.3363228301057201,0.3181641612511991,0.30859549327643393,0.392821274539938,0
370,A,I,A,A,E,BI,A,Y,L,A,LN,A,A,A,B,B,D,D,B,0.9559764709328922,0.7086927732103024,0.8122759427672441,0.8302170576067691,0.6648722053229855,0.5547009810725806,0.25067282164950666,0.8584939233036959,0.5532082099199068,0.7198872715844991,0.9394288802225004,0
371,A,I,C,A,D,AB,C,AH,X,A,DC,A,A,A,B,B,D,D,B,0.3445839192162352,0.2461206267508137,0.4506042626407744,0.2802470064089971,0.24382799614929396,0.2566292472786642,0.4177440105412849,0.29429129814622484,0.3697204297550582,0.4855162380242682,0.3145222432104454,0
372,A,H,C,B,E,BI,G,AS,BM,A,CK,B,A,A,A,B,B,C,D,0.3540299955349327,0.2999444225972075,0.35204159344292,0.6042271973339493,0.6952725000341533,0.7364291182060535,0.4701909730984247,0.4303289252822428,0.41693442386396506,0.30404240313826714,0.3458977269594337,0
374,B,I,A,A,F,AB,M,AH,AK,A,DC,A,A,A,A,A,D,D,B,0.3080303317808439,0.4500170341738965,0.4692098213430903,0.3089211992560902,0.2524824523660996,0.6796887958347091,0.488000629521473,0.33729821326498244,0.3683099582466741,0.5639259513147065,0.4477577373203652,0
376,A,I,A,A,J,BI,A,AH,H,A,HB,A,A,A,A,B,D,D,B,0.3202726257988591,0.9342680633720358,0.4651487110359796,0.15017219850136446,0.2403094375317479,0.6202195754548335,0.9468181451129876,0.5493900308648886,0.9020662507030722,0.35130468301781714,0.4071721765289304,1
